{
    "mean": [
        45.289,
        75.19985504487835,
        37.02339410379282
    ],
    "scale": [
        25.575759597712832,
        14.832600840441136,
        0.9916370997374487
    ],
    "columns": [
        "age",
        "heart_rate",
        "temperature"
    ]
}